n,program_name,status,judgment,probability,threshold,elapsed_seconds,max_execution_bytes,full_statevector_bytes,reason
10,grover_10,completed,satisfied,0.9999999999999988,0.999999,0.010216624999884516,1472,16384,
20,grover_20,completed,satisfied,0.9453124999999973,0.94,0.04083452000122634,17344,16777216,
50,grover_50,completed,satisfied,0.9613189697265574,0.96,78.22768135499791,264896,18014398509481984,
100,grover_100,completed,satisfied,0.9991823155432855,0.99,398.9831665510028,4200128,20282409603651670423947251286016,
150,grover_150,completed,satisfied,0.9965856807867852,0.99,894.2902945159985,67117760,22835963083295358096932575511191922182123945984,
200,grover_200,completed,satisfied,0.9965856807867852,0.99,1195.5366306959986,67120960,25711008708143844408671393477458601640355247900524685364822016,
