{
  "abstract": {
    "elapsed_seconds": 1.9869330439996702,
    "judgment": "satisfied",
    "max_execution_bytes": 54272,
    "max_execution_mib": 0.0517578125,
    "max_state_bytes": 50944,
    "max_state_mib": 0.048583984375,
    "max_transition_bytes": 54272,
    "max_transition_mib": 0.0517578125,
    "probability": 0.4999999999999999,
    "threshold": 0.5
  },
  "assertion_kind": "probability",
  "assertion_name": "tail_one_probability",
  "comparison": {
    "abstract_ideal_pure_lower_bound": {
      "max_execution_bytes": 12800,
      "max_execution_mib": 0.01220703125,
      "max_state_bytes": 12736,
      "max_state_mib": 0.01214599609375,
      "max_transition_bytes": 12800,
      "max_transition_mib": 0.01220703125
    },
    "full_execution": {
      "density_matrix_bytes": 41315998049390537434494706752048189989275292685267576205290549704650361952269459114074325652482205302974450751563959894016,
      "density_matrix_mib": 3.940200619639448e+115,
      "qubit_count": 200,
      "statevector_bytes": 25711008708143844408671393477458601640355247900524685364822016,
      "statevector_mib": 2.4519928653854222e+55,
      "time_benchmark": {
        "cutoff_qubits": 22,
        "mode": "skipped",
        "reason": "qubit count exceeds automatic timing cutoff"
      }
    }
  },
  "concrete": {
    "reason": "Concrete backend disabled by default; pass --run-concrete to enable it.",
    "status": "skipped"
  },
  "model_path": "/home/li/project/QCE-2026/project_code/experiment_data/models/GHZ/ghz_200_staircase.qmodel",
  "program_name": "ghz_200_staircase",
  "reconstruction_mode": "trusted",
  "run_concrete": false,
  "total_elapsed_seconds": 9.99908736099951
}
