{
  "abstract": {
    "bitwise_probabilities": [
      0.9982363954132606,
      0.9981942341698523,
      0.9980286420497153,
      0.9973537688666084,
      0.9997870960358556,
      0.9997814130548132,
      0.9997548770318763,
      0.9996119315269592,
      0.9984156509794953,
      0.9982544283883942,
      0.997592363336094,
      0.9999999999999961,
      0.9999999999999966,
      0.999999999999997,
      0.9999999999999974,
      0.999999999999998
    ],
    "elapsed_seconds": 0.14348191099998076,
    "judgment": "satisfied",
    "max_execution_bytes": 66176,
    "max_execution_mib": 0.0631103515625,
    "max_state_bytes": 17088,
    "max_state_mib": 0.01629638671875,
    "max_transition_bytes": 66176,
    "max_transition_mib": 0.0631103515625,
    "probability": 0.9973537688666084,
    "threshold": 0.996
  },
  "assertion_kind": "probability",
  "assertion_name": "recover_target_bits",
  "comparison": {
    "abstract_ideal_pure_lower_bound": {
      "max_execution_bytes": 1344,
      "max_execution_mib": 0.00128173828125,
      "max_state_bytes": 864,
      "max_state_mib": 0.000823974609375,
      "max_transition_bytes": 1344,
      "max_transition_mib": 0.00128173828125
    },
    "full_execution": {
      "density_matrix_bytes": 68719476736,
      "density_matrix_mib": 65536.0,
      "qubit_count": 16,
      "statevector_bytes": 1048576,
      "statevector_mib": 1.0,
      "time_benchmark": {
        "assertion_evaluation_seconds": 1.0126443310000468,
        "concrete_backend_elapsed_seconds": 1.1023218810005346,
        "cutoff_qubits": 22,
        "mode": "measured",
        "statevector_elapsed_seconds": 0.08967755000048783
      }
    }
  },
  "concrete": {
    "bitwise_probabilities": [
      0.9982363954132613,
      0.998194234169852,
      0.9980286420497162,
      0.997353768866609,
      0.9997870960358554,
      0.9997814130548138,
      0.9997548770318766,
      0.9996119315269577,
      0.9984156509794947,
      0.9982544283883937,
      0.9975923633360926,
      0.9999999999999941,
      0.9999999999999941,
      0.9999999999999941,
      0.9999999999999941,
      0.9999999999999941
    ],
    "judgment": "satisfied",
    "probability": 0.997353768866609,
    "threshold": 0.996
  },
  "model_path": "/home/li/project/QCE-2026/project_code/experiment_data/models/IQFTCompare/iqft_compare_16_w5.qmodel",
  "program_name": "iqft_compare_16_w5",
  "reconstruction_mode": "trusted",
  "run_concrete": true,
  "total_elapsed_seconds": 2.6437799199993606
}
