{
  "abstract": {
    "bitwise_probabilities": [
      0.9984215168901164,
      0.9983987629635134,
      0.9983882521102754,
      0.998347607221503,
      0.9981852072932523,
      0.9975198831369368,
      0.9999281555615301,
      0.9999303155179742,
      0.9999276918404048,
      0.9998991223688974,
      0.9984656143945142,
      0.9984556386323048,
      0.9984156509794951,
      0.9982544283883942,
      0.9975923633360942,
      0.999999999999996,
      0.9999999999999966,
      0.999999999999997,
      0.9999999999999974,
      0.999999999999998
    ],
    "elapsed_seconds": 0.17193569599839975,
    "judgment": "satisfied",
    "max_execution_bytes": 66432,
    "max_execution_mib": 0.0633544921875,
    "max_state_bytes": 17344,
    "max_state_mib": 0.01654052734375,
    "max_transition_bytes": 66432,
    "max_transition_mib": 0.0633544921875,
    "probability": 0.9975198831369368,
    "threshold": 0.996
  },
  "assertion_kind": "probability",
  "assertion_name": "recover_target_bits",
  "comparison": {
    "abstract_ideal_pure_lower_bound": {
      "max_execution_bytes": 1472,
      "max_execution_mib": 0.00140380859375,
      "max_state_bytes": 992,
      "max_state_mib": 0.000946044921875,
      "max_transition_bytes": 1472,
      "max_transition_mib": 0.00140380859375
    },
    "full_execution": {
      "density_matrix_bytes": 17592186044416,
      "density_matrix_mib": 16777216.0,
      "qubit_count": 20,
      "statevector_bytes": 16777216,
      "statevector_mib": 16.0,
      "time_benchmark": {
        "assertion_evaluation_seconds": 18.547448748000534,
        "concrete_backend_elapsed_seconds": 22.427221137000743,
        "cutoff_qubits": 22,
        "mode": "measured",
        "statevector_elapsed_seconds": 3.879772389000209
      }
    }
  },
  "concrete": {
    "bitwise_probabilities": [
      0.9984215168901198,
      0.998398762963508,
      0.998388252110273,
      0.9983476072215013,
      0.9981852072932493,
      0.9975198831369342,
      0.9999281555615297,
      0.9999303155179723,
      0.999927691840403,
      0.9998991223688926,
      0.9984656143945136,
      0.9984556386323011,
      0.9984156509794873,
      0.998254428388383,
      0.9975923633360892,
      0.9999999999999865,
      0.9999999999999865,
      0.9999999999999865,
      0.9999999999999865,
      0.9999999999999865
    ],
    "judgment": "satisfied",
    "probability": 0.9975198831369342,
    "threshold": 0.996
  },
  "model_path": "/home/li/project/QCE-2026/project_code/experiment_data/models/IQFTCompare/iqft_compare_20_w5.qmodel",
  "program_name": "iqft_compare_20_w5",
  "reconstruction_mode": "trusted",
  "run_concrete": true,
  "total_elapsed_seconds": 45.63864581500093
}
