{
  "abstract": {
    "bitwise_probabilities": [
      0.9999999999999993,
      0.9999999999999997,
      0.9999999999999997,
      0.9999999999999997,
      0.9999999999999992,
      0.9999999999999997,
      0.9999999999999997,
      0.9999999999999997,
      0.9999999999999997,
      0.9999999999999989,
      0.9999999999999997,
      0.9999999999999997,
      0.9999999999999997,
      0.9999999999999988,
      0.9999999999999997,
      0.9999999999999997,
      0.9999999999999997,
      0.9999999999999986,
      0.9999999999999997,
      0.9999999999999997,
      0.9999999999999997,
      0.9999999999999997,
      0.9999999999999982,
      0.9999999999999997,
      0.9999999999999997,
      0.9999999999999997,
      0.9999999999999981,
      0.9999999999999997,
      0.9999999999999997,
      0.9999999999999997,
      0.9999999999999997,
      0.9999999999999978,
      0.9999999999999997,
      0.9999999999999997,
      0.9999999999999997,
      0.9999999999999977,
      0.9999999999999997,
      0.9999999999999997,
      0.9999999999999997,
      0.9999999999999973,
      0.9999999999999997,
      0.9999999999999997,
      0.9999999999999997,
      0.9999999999999997,
      0.9999999999999971,
      0.9999999999999997,
      0.9999999999999997,
      0.9999999999999997,
      0.999999999999997
    ],
    "elapsed_seconds": 0.3963637000001654,
    "judgment": "satisfied",
    "max_execution_bytes": 3328,
    "max_execution_mib": 0.003173828125,
    "max_state_bytes": 3200,
    "max_state_mib": 0.0030517578125,
    "max_transition_bytes": 3328,
    "max_transition_mib": 0.003173828125,
    "probability": 0.999999999999997,
    "threshold": 0.999999
  },
  "assertion_kind": "probability",
  "assertion_name": "bv_hidden_string_probability",
  "comparison": {
    "abstract_ideal_pure_lower_bound": {
      "max_execution_bytes": 1600,
      "max_execution_mib": 0.00152587890625,
      "max_state_bytes": 1600,
      "max_state_mib": 0.00152587890625,
      "max_transition_bytes": 1600,
      "max_transition_mib": 0.00152587890625
    },
    "full_execution": {
      "density_matrix_bytes": 20282409603651670423947251286016,
      "density_matrix_mib": 1.9342813113834067e+25,
      "qubit_count": 50,
      "statevector_bytes": 18014398509481984,
      "statevector_mib": 17179869184.0,
      "time_benchmark": {
        "cutoff_qubits": 22,
        "mode": "skipped",
        "reason": "qubit count exceeds automatic timing cutoff"
      }
    }
  },
  "concrete": {
    "reason": "Concrete backend disabled by default; pass --run-concrete to enable it.",
    "status": "skipped"
  },
  "model_path": "/home/li/project/QCE-2026/project_code/experiment_data/models/BV/bv_50_sparse.qmodel",
  "program_name": "bv_50_sparse",
  "reconstruction_mode": "trusted",
  "run_concrete": false,
  "total_elapsed_seconds": 2.085732716000166
}
