{
  "abstract": {
    "bitwise_probabilities": [
      0.9981858425956532,
      0.9980201613181252,
      0.9973451333527721,
      0.9997774375959715,
      0.9997721699018587,
      0.9997455537180258,
      0.9995998696857069,
      0.998185842601959,
      0.9980201613244829,
      0.9973451333591812,
      0.9997774376035861,
      0.9997721699090028,
      0.9997455537250016,
      0.9995998696940435,
      0.9981858428177396,
      0.9980201615420373,
      0.9973451335785086,
      0.9997774378639693,
      0.9997721701533467,
      0.9997455539636797,
      0.9995998699795531,
      0.9981858501850489,
      0.9980201689708134,
      0.9973451410717176,
      0.9997774467330501,
      0.9997721784841729,
      0.999745562114578,
      0.9995998797706166,
      0.9981860991722609,
      0.9980204201512715,
      0.9973453949241083,
      0.9997777440051345,
      0.9997724585721618,
      0.9997458375330297,
      0.9996002149108423,
      0.9981942341698509,
      0.9980286420497142,
      0.9973537688666079,
      0.9997870960358555,
      0.9997814130548132,
      0.9997548770318763,
      0.9996119315269592,
      0.9984156509794953,
      0.9982544283883942,
      0.997592363336094,
      0.9999999999999961,
      0.9999999999999966,
      0.999999999999997,
      0.9999999999999974,
      0.999999999999998
    ],
    "elapsed_seconds": 0.6183780300000308,
    "judgment": "satisfied",
    "max_execution_bytes": 68352,
    "max_execution_mib": 0.065185546875,
    "max_state_bytes": 19264,
    "max_state_mib": 0.01837158203125,
    "max_transition_bytes": 68352,
    "max_transition_mib": 0.065185546875,
    "probability": 0.9973451333527721,
    "threshold": 0.997
  },
  "assertion_kind": "probability",
  "assertion_name": "recover_target_bits",
  "comparison": {
    "abstract_ideal_pure_lower_bound": {
      "max_execution_bytes": 2432,
      "max_execution_mib": 0.0023193359375,
      "max_state_bytes": 1952,
      "max_state_mib": 0.001861572265625,
      "max_transition_bytes": 2432,
      "max_transition_mib": 0.0023193359375
    },
    "full_execution": {
      "density_matrix_bytes": 20282409603651670423947251286016,
      "density_matrix_mib": 1.9342813113834067e+25,
      "qubit_count": 50,
      "statevector_bytes": 18014398509481984,
      "statevector_mib": 17179869184.0,
      "time_benchmark": {
        "cutoff_qubits": 22,
        "mode": "skipped",
        "reason": "qubit count exceeds automatic timing cutoff"
      }
    }
  },
  "concrete": {
    "reason": "Concrete backend disabled by default; pass --run-concrete to enable it.",
    "status": "skipped"
  },
  "model_path": "/home/li/project/QCE-2026/project_code/experiment_data/models/IQFT/iqft_50_w5.qmodel",
  "program_name": "iqft_50_w5",
  "reconstruction_mode": "trusted",
  "run_concrete": false,
  "total_elapsed_seconds": 1.7716772950000177
}
